,AIC,BIC,LogLik,R2
ols,238.86834462074304,,-117.43417231037152,0.0007378433656477501
slm,,,,0.07589607651375171
sem,,,,0.0007378433656478663
